-- phpMyAdmin SQL Dump
-- version 5.2.1
-- https://www.phpmyadmin.net/
--
-- Host: 127.0.0.1:8888
-- Generation Time: May 10, 2024 at 07:51 PM
-- Server version: 10.4.32-MariaDB
-- PHP Version: 8.2.12

SET SQL_MODE = "NO_AUTO_VALUE_ON_ZERO";
START TRANSACTION;
SET time_zone = "+00:00";


/*!40101 SET @OLD_CHARACTER_SET_CLIENT=@@CHARACTER_SET_CLIENT */;
/*!40101 SET @OLD_CHARACTER_SET_RESULTS=@@CHARACTER_SET_RESULTS */;
/*!40101 SET @OLD_COLLATION_CONNECTION=@@COLLATION_CONNECTION */;
/*!40101 SET NAMES utf8mb4 */;

--
-- Database: `simple_attendance_db`
--

-- --------------------------------------------------------

--
-- Table structure for table `attendance_tbl`
--

CREATE TABLE `attendance_tbl` (
  `id` int(11) NOT NULL,
  `member_id` int(11) NOT NULL,
  `meeting_date` date NOT NULL,
  `status` tinyint(1) NOT NULL COMMENT '1 = Present, 2 = Late, 3 = Absent, 4 = Holiday',
  `created_at` datetime NOT NULL DEFAULT current_timestamp(),
  `updated_at` datetime DEFAULT NULL ON UPDATE current_timestamp()
) ENGINE=InnoDB DEFAULT CHARSET=utf8mb4 COLLATE=utf8mb4_general_ci;

--
-- Dumping data for table `attendance_tbl`
--

INSERT INTO `attendance_tbl` (`id`, `member_id`, `meeting_date`, `status`, `created_at`, `updated_at`) VALUES
(1, 4, '2023-11-30', 2, '2023-11-30 08:52:11', '2023-11-30 09:07:40'),
(2, 3, '2023-11-30', 1, '2023-11-30 08:52:11', '2023-11-30 09:06:53'),
(3, 1, '2023-11-30', 1, '2023-11-30 08:52:11', NULL),
(4, 5, '2023-11-30', 3, '2023-11-30 08:52:11', '2023-11-30 09:07:40'),
(5, 6, '2023-11-30', 1, '2023-11-30 08:52:11', '2023-11-30 09:06:53'),
(6, 4, '2023-11-27', 4, '2023-11-30 09:08:16', NULL),
(7, 3, '2023-11-27', 4, '2023-11-30 09:08:16', NULL),
(8, 1, '2023-11-27', 4, '2023-11-30 09:08:16', NULL),
(9, 5, '2023-11-27', 4, '2023-11-30 09:08:16', NULL),
(10, 6, '2023-11-27', 4, '2023-11-30 09:08:16', NULL),
(11, 4, '2023-11-28', 1, '2023-11-30 09:08:27', NULL),
(12, 3, '2023-11-28', 1, '2023-11-30 09:08:27', NULL),
(13, 1, '2023-11-28', 2, '2023-11-30 09:08:27', NULL),
(14, 5, '2023-11-28', 1, '2023-11-30 09:08:27', NULL),
(15, 6, '2023-11-28', 1, '2023-11-30 09:08:27', NULL),
(16, 4, '2023-11-24', 1, '2023-11-30 09:09:19', NULL),
(17, 3, '2023-11-24', 3, '2023-11-30 09:09:19', NULL),
(18, 1, '2023-11-24', 1, '2023-11-30 09:09:19', NULL),
(19, 5, '2023-11-24', 2, '2023-11-30 09:09:19', NULL),
(20, 6, '2023-11-24', 2, '2023-11-30 09:09:19', NULL),
(21, 4, '2023-11-29', 1, '2023-11-30 10:23:29', NULL),
(22, 3, '2023-11-29', 1, '2023-11-30 10:23:29', NULL),
(23, 1, '2023-11-29', 1, '2023-11-30 10:23:29', NULL),
(24, 5, '2023-11-29', 1, '2023-11-30 10:23:29', NULL),
(25, 6, '2023-11-29', 1, '2023-11-30 10:23:29', NULL),
(26, 4, '2023-11-01', 1, '2023-11-30 10:54:41', NULL),
(27, 3, '2023-11-01', 1, '2023-11-30 10:54:41', NULL),
(28, 1, '2023-11-01', 1, '2023-11-30 10:54:41', NULL),
(29, 5, '2023-11-01', 1, '2023-11-30 10:54:41', NULL),
(30, 6, '2023-11-01', 1, '2023-11-30 10:54:41', NULL),
(31, 4, '2023-11-02', 1, '2023-11-30 10:54:57', NULL),
(32, 3, '2023-11-02', 1, '2023-11-30 10:54:57', NULL),
(33, 1, '2023-11-02', 1, '2023-11-30 10:54:57', NULL),
(34, 5, '2023-11-02', 1, '2023-11-30 10:54:57', NULL),
(35, 6, '2023-11-02', 1, '2023-11-30 10:54:57', NULL),
(36, 4, '2023-11-03', 2, '2023-11-30 10:55:03', NULL),
(37, 3, '2023-11-03', 1, '2023-11-30 10:55:03', NULL),
(38, 1, '2023-11-03', 2, '2023-11-30 10:55:03', NULL),
(39, 5, '2023-11-03', 1, '2023-11-30 10:55:03', NULL),
(40, 6, '2023-11-03', 1, '2023-11-30 10:55:03', NULL),
(41, 4, '2023-11-06', 1, '2023-11-30 10:55:12', NULL),
(42, 3, '2023-11-06', 1, '2023-11-30 10:55:12', NULL),
(43, 1, '2023-11-06', 1, '2023-11-30 10:55:12', NULL),
(44, 5, '2023-11-06', 1, '2023-11-30 10:55:12', NULL),
(45, 6, '2023-11-06', 1, '2023-11-30 10:55:12', NULL),
(46, 4, '2023-11-07', 1, '2023-11-30 10:55:19', NULL),
(47, 3, '2023-11-07', 3, '2023-11-30 10:55:19', NULL),
(48, 1, '2023-11-07', 1, '2023-11-30 10:55:19', NULL),
(49, 5, '2023-11-07', 1, '2023-11-30 10:55:19', NULL),
(50, 6, '2023-11-07', 1, '2023-11-30 10:55:19', NULL),
(51, 4, '2023-11-08', 3, '2023-11-30 10:55:26', NULL),
(52, 3, '2023-11-08', 1, '2023-11-30 10:55:26', NULL),
(53, 1, '2023-11-08', 1, '2023-11-30 10:55:26', NULL),
(54, 5, '2023-11-08', 2, '2023-11-30 10:55:26', NULL),
(55, 6, '2023-11-08', 1, '2023-11-30 10:55:26', NULL),
(56, 4, '2023-11-09', 1, '2023-11-30 10:55:31', NULL),
(57, 3, '2023-11-09', 1, '2023-11-30 10:55:31', NULL),
(58, 1, '2023-11-09', 1, '2023-11-30 10:55:31', NULL),
(59, 5, '2023-11-09', 1, '2023-11-30 10:55:31', NULL),
(60, 6, '2023-11-09', 1, '2023-11-30 10:55:31', NULL),
(61, 4, '2023-11-10', 1, '2023-11-30 10:55:37', NULL),
(62, 3, '2023-11-10', 1, '2023-11-30 10:55:37', NULL),
(63, 1, '2023-11-10', 1, '2023-11-30 10:55:37', NULL),
(64, 5, '2023-11-10', 1, '2023-11-30 10:55:37', NULL),
(65, 6, '2023-11-10', 1, '2023-11-30 10:55:37', NULL),
(66, 4, '2023-11-13', 1, '2023-11-30 10:55:48', NULL),
(67, 3, '2023-11-13', 1, '2023-11-30 10:55:48', NULL),
(68, 1, '2023-11-13', 1, '2023-11-30 10:55:48', NULL),
(69, 5, '2023-11-13', 1, '2023-11-30 10:55:48', NULL),
(70, 6, '2023-11-13', 1, '2023-11-30 10:55:48', NULL),
(71, 4, '2023-11-14', 1, '2023-11-30 10:55:52', NULL),
(72, 3, '2023-11-14', 1, '2023-11-30 10:55:52', NULL),
(73, 1, '2023-11-14', 1, '2023-11-30 10:55:52', NULL),
(74, 5, '2023-11-14', 1, '2023-11-30 10:55:52', NULL),
(75, 6, '2023-11-14', 1, '2023-11-30 10:55:52', NULL),
(76, 4, '2023-11-15', 1, '2023-11-30 10:55:57', NULL),
(77, 3, '2023-11-15', 1, '2023-11-30 10:55:57', NULL),
(78, 1, '2023-11-15', 1, '2023-11-30 10:55:57', NULL),
(79, 5, '2023-11-15', 1, '2023-11-30 10:55:57', NULL),
(80, 6, '2023-11-15', 1, '2023-11-30 10:55:57', NULL),
(81, 4, '2023-11-16', 1, '2023-11-30 10:56:02', NULL),
(82, 3, '2023-11-16', 1, '2023-11-30 10:56:02', NULL),
(83, 1, '2023-11-16', 1, '2023-11-30 10:56:02', NULL),
(84, 5, '2023-11-16', 2, '2023-11-30 10:56:02', NULL),
(85, 6, '2023-11-16', 1, '2023-11-30 10:56:02', NULL),
(86, 4, '2023-11-17', 1, '2023-11-30 10:56:07', NULL),
(87, 3, '2023-11-17', 1, '2023-11-30 10:56:07', NULL),
(88, 1, '2023-11-17', 1, '2023-11-30 10:56:07', NULL),
(89, 5, '2023-11-17', 1, '2023-11-30 10:56:07', NULL),
(90, 6, '2023-11-17', 1, '2023-11-30 10:56:07', NULL),
(91, 4, '2023-11-20', 1, '2023-11-30 10:56:14', NULL),
(92, 3, '2023-11-20', 1, '2023-11-30 10:56:14', NULL),
(93, 1, '2023-11-20', 1, '2023-11-30 10:56:14', NULL),
(94, 5, '2023-11-20', 1, '2023-11-30 10:56:14', NULL),
(95, 6, '2023-11-20', 1, '2023-11-30 10:56:14', NULL),
(96, 4, '2023-11-21', 1, '2023-11-30 10:56:21', NULL),
(97, 3, '2023-11-21', 1, '2023-11-30 10:56:21', NULL),
(98, 1, '2023-11-21', 1, '2023-11-30 10:56:21', NULL),
(99, 5, '2023-11-21', 1, '2023-11-30 10:56:21', NULL),
(100, 6, '2023-11-21', 3, '2023-11-30 10:56:21', NULL),
(101, 4, '2023-11-22', 1, '2023-11-30 10:56:32', NULL),
(102, 3, '2023-11-22', 2, '2023-11-30 10:56:32', NULL),
(103, 1, '2023-11-22', 1, '2023-11-30 10:56:32', NULL),
(104, 5, '2023-11-22', 2, '2023-11-30 10:56:32', NULL),
(105, 6, '2023-11-22', 1, '2023-11-30 10:56:32', NULL),
(106, 4, '2023-11-23', 1, '2023-11-30 10:57:14', NULL),
(107, 3, '2023-11-23', 1, '2023-11-30 10:57:14', NULL),
(108, 1, '2023-11-23', 1, '2023-11-30 10:57:14', NULL),
(109, 5, '2023-11-23', 1, '2023-11-30 10:57:14', NULL),
(110, 6, '2023-11-23', 1, '2023-11-30 10:57:14', NULL),
(111, 3, '2023-02-26', 3, '2024-04-25 01:05:00', NULL),
(112, 2, '2023-02-26', 3, '2024-04-25 01:05:00', NULL),
(113, 1, '2023-02-26', 3, '2024-04-25 01:05:00', NULL),
(114, 4, '2023-02-26', 3, '2024-04-25 01:05:00', NULL),
(115, 5, '2023-02-26', 3, '2024-04-25 01:05:00', NULL),
(116, 3, '2024-04-25', 1, '2024-04-25 17:54:36', NULL),
(117, 2, '2024-04-25', 1, '2024-04-25 17:54:36', '2024-04-25 17:54:38'),
(118, 1, '2024-04-25', 1, '2024-04-25 17:54:36', '2024-04-25 17:54:38'),
(119, 4, '2024-04-25', 1, '2024-04-25 17:54:36', '2024-04-25 17:54:38'),
(120, 5, '2024-04-25', 1, '2024-04-25 17:54:36', '2024-04-25 17:54:38'),
(121, 3, '2024-04-27', 1, '2024-04-27 17:32:33', NULL),
(122, 2, '2024-04-27', 1, '2024-04-27 17:32:33', NULL),
(123, 1, '2024-04-27', 1, '2024-04-27 17:32:33', NULL),
(124, 4, '2024-04-27', 1, '2024-04-27 17:32:33', NULL),
(125, 5, '2024-04-27', 1, '2024-04-27 17:32:33', NULL),
(126, 3, '2024-04-27', 1, '2024-04-27 17:38:19', NULL),
(127, 2, '2024-04-27', 1, '2024-04-27 17:38:19', NULL),
(128, 1, '2024-04-27', 1, '2024-04-27 17:38:19', NULL),
(129, 4, '2024-04-27', 1, '2024-04-27 17:38:19', NULL),
(130, 5, '2024-04-27', 1, '2024-04-27 17:38:19', NULL),
(131, 3, '2024-04-28', 1, '2024-04-28 10:58:36', NULL),
(132, 2, '2024-04-28', 2, '2024-04-28 10:58:36', NULL),
(133, 1, '2024-04-28', 3, '2024-04-28 10:58:36', NULL),
(134, 4, '2024-04-28', 3, '2024-04-28 10:58:36', NULL),
(135, 5, '2024-04-28', 3, '2024-04-28 10:58:36', NULL),
(136, 3, '2024-04-28', 1, '2024-04-28 10:58:43', NULL),
(137, 2, '2024-04-28', 1, '2024-04-28 10:58:43', NULL),
(138, 1, '2024-04-28', 2, '2024-04-28 10:58:43', NULL),
(139, 4, '2024-04-28', 3, '2024-04-28 10:58:43', NULL),
(140, 5, '2024-04-28', 2, '2024-04-28 10:58:43', NULL),
(141, 3, '2024-04-28', 3, '2024-04-28 11:11:02', NULL),
(142, 2, '2024-04-28', 3, '2024-04-28 11:11:02', NULL),
(143, 1, '2024-04-28', 3, '2024-04-28 11:11:02', NULL),
(144, 4, '2024-04-28', 3, '2024-04-28 11:11:02', NULL),
(145, 5, '2024-04-28', 3, '2024-04-28 11:11:02', NULL),
(146, 3, '2024-04-26', 1, '2024-04-29 13:07:45', NULL),
(147, 2, '2024-04-26', 2, '2024-04-29 13:07:45', NULL),
(148, 1, '2024-04-26', 3, '2024-04-29 13:07:45', NULL),
(149, 10, '2024-04-26', 3, '2024-04-29 13:07:45', NULL),
(150, 4, '2024-04-26', 3, '2024-04-29 13:07:45', NULL),
(151, 5, '2024-04-26', 2, '2024-04-29 13:07:45', NULL),
(152, 3, '2024-04-22', 3, '2024-04-29 13:13:27', NULL),
(153, 2, '2024-04-22', 3, '2024-04-29 13:13:27', NULL),
(154, 1, '2024-04-22', 3, '2024-04-29 13:13:27', NULL),
(155, 10, '2024-04-22', 3, '2024-04-29 13:13:27', NULL),
(156, 4, '2024-04-22', 3, '2024-04-29 13:13:27', NULL),
(157, 5, '2024-04-22', 3, '2024-04-29 13:13:27', NULL);

-- --------------------------------------------------------

--
-- Table structure for table `dept_tbl`
--

CREATE TABLE `dept_tbl` (
  `id` int(11) NOT NULL,
  `name` text NOT NULL,
  `created_at` datetime NOT NULL DEFAULT current_timestamp(),
  `updated_at` datetime DEFAULT NULL ON UPDATE current_timestamp()
) ENGINE=InnoDB DEFAULT CHARSET=utf8mb4 COLLATE=utf8mb4_general_ci;

--
-- Dumping data for table `dept_tbl`
--

INSERT INTO `dept_tbl` (`id`, `name`, `created_at`, `updated_at`) VALUES
(1, 'dept1', '2023-11-16 11:37:26', '2023-11-16 11:52:34'),
(2, 'dept2', '2023-11-16 11:52:46', NULL),
(5, 'dept3', '2024-04-25 17:53:03', '2024-04-29 13:06:14');

-- --------------------------------------------------------

--
-- Table structure for table `guests_tbl`
--

CREATE TABLE `guests_tbl` (
  `id` int(11) NOT NULL,
  `dept_id` int(11) NOT NULL,
  `name` text NOT NULL,
  `created_at` datetime NOT NULL DEFAULT current_timestamp(),
  `updated_at` datetime DEFAULT NULL ON UPDATE current_timestamp()
) ENGINE=InnoDB DEFAULT CHARSET=utf8mb4 COLLATE=utf8mb4_general_ci;

--
-- Dumping data for table `guests_tbl`
--

INSERT INTO `guests_tbl` (`id`, `dept_id`, `name`, `created_at`, `updated_at`) VALUES
(11, 1, 'Who this', '2024-04-27 17:50:53', '2024-05-10 15:19:58'),
(12, 5, 'what', '2024-04-27 17:51:11', '2024-05-10 15:20:00'),
(14, 5, 'test name', '2024-04-27 20:52:37', '2024-05-10 15:20:05'),
(22, 0, 'Borat', '2024-05-10 15:33:33', NULL),
(23, 1, 'easy money', '2024-05-10 16:02:05', NULL),
(24, 2, 'Voicelove', '2024-05-10 16:12:32', NULL);

-- --------------------------------------------------------

--
-- Table structure for table `mdt_tbl`
--

CREATE TABLE `mdt_tbl` (
  `id` int(11) NOT NULL,
  `name` text NOT NULL,
  `created_at` datetime NOT NULL DEFAULT current_timestamp(),
  `updated_at` datetime DEFAULT NULL ON UPDATE current_timestamp()
) ENGINE=InnoDB DEFAULT CHARSET=utf8mb4 COLLATE=utf8mb4_general_ci;

--
-- Dumping data for table `mdt_tbl`
--

INSERT INTO `mdt_tbl` (`id`, `name`, `created_at`, `updated_at`) VALUES
(1, 'Tractor', '2023-11-16 11:37:26', '2023-11-16 11:52:34'),
(2, 'Truck', '2023-11-16 11:52:46', NULL),
(5, 'Mechatronics TE Application ', '2024-04-25 17:53:03', '2024-04-29 13:06:14');

-- --------------------------------------------------------

--
-- Table structure for table `members_tbl`
--

CREATE TABLE `members_tbl` (
  `id` int(11) NOT NULL,
  `mdt_id` int(11) NOT NULL,
  `name` text NOT NULL,
  `created_at` datetime NOT NULL DEFAULT current_timestamp(),
  `updated_at` datetime DEFAULT NULL ON UPDATE current_timestamp()
) ENGINE=InnoDB DEFAULT CHARSET=utf8mb4 COLLATE=utf8mb4_general_ci;

--
-- Dumping data for table `members_tbl`
--

INSERT INTO `members_tbl` (`id`, `mdt_id`, `name`, `created_at`, `updated_at`) VALUES
(1, 1, 'John Smith', '2023-11-16 13:18:15', '2023-11-16 13:18:27'),
(2, 1, 'John Doe', '2023-11-16 13:18:49', NULL),
(3, 1, 'Claire Blake', '2023-11-16 13:18:56', NULL),
(4, 1, 'Mark Cooper', '2023-11-16 13:19:18', NULL),
(5, 1, 'Samantha Lou', '2023-11-16 13:19:30', NULL),
(10, 1, 'Jonas', '2024-04-29 13:06:35', NULL),
(11, 5, 'Alek', '2024-04-29 13:06:44', NULL);

--
-- Indexes for dumped tables
--

--
-- Indexes for table `attendance_tbl`
--
ALTER TABLE `attendance_tbl`
  ADD PRIMARY KEY (`id`),
  ADD KEY `member_id_fk` (`member_id`);

--
-- Indexes for table `dept_tbl`
--
ALTER TABLE `dept_tbl`
  ADD PRIMARY KEY (`id`);

--
-- Indexes for table `guests_tbl`
--
ALTER TABLE `guests_tbl`
  ADD PRIMARY KEY (`id`),
  ADD KEY `dept_id_fk` (`dept_id`) USING BTREE;

--
-- Indexes for table `mdt_tbl`
--
ALTER TABLE `mdt_tbl`
  ADD PRIMARY KEY (`id`);

--
-- Indexes for table `members_tbl`
--
ALTER TABLE `members_tbl`
  ADD PRIMARY KEY (`id`),
  ADD KEY `mdt_id_fk` (`mdt_id`);

--
-- AUTO_INCREMENT for dumped tables
--

--
-- AUTO_INCREMENT for table `attendance_tbl`
--
ALTER TABLE `attendance_tbl`
  MODIFY `id` int(11) NOT NULL AUTO_INCREMENT, AUTO_INCREMENT=158;

--
-- AUTO_INCREMENT for table `dept_tbl`
--
ALTER TABLE `dept_tbl`
  MODIFY `id` int(11) NOT NULL AUTO_INCREMENT, AUTO_INCREMENT=8;

--
-- AUTO_INCREMENT for table `guests_tbl`
--
ALTER TABLE `guests_tbl`
  MODIFY `id` int(11) NOT NULL AUTO_INCREMENT, AUTO_INCREMENT=29;

--
-- AUTO_INCREMENT for table `mdt_tbl`
--
ALTER TABLE `mdt_tbl`
  MODIFY `id` int(11) NOT NULL AUTO_INCREMENT, AUTO_INCREMENT=8;

--
-- AUTO_INCREMENT for table `members_tbl`
--
ALTER TABLE `members_tbl`
  MODIFY `id` int(11) NOT NULL AUTO_INCREMENT, AUTO_INCREMENT=12;
COMMIT;

/*!40101 SET CHARACTER_SET_CLIENT=@OLD_CHARACTER_SET_CLIENT */;
/*!40101 SET CHARACTER_SET_RESULTS=@OLD_CHARACTER_SET_RESULTS */;
/*!40101 SET COLLATION_CONNECTION=@OLD_COLLATION_CONNECTION */;
